,Vowel_1,Vowel_2,Vowel_3,Vowel_4,Vowel_5,Vowel_6,Vowel_7
F1,0.29593654449485557,0.34427154952313754,0.32878787235452167,0.4756303941565151,0.42297085045125565,0.3340098626891314,0.39146175144873385
F2,0.1822719381248024,0.0895912640016621,0.2575060596411077,0.2167493789840497,0.31230226097977265,0.2063331129850825,0.49386180244564504
F3,0.10635678587416694,0.0853190898682494,0.06701726669428011,0.1558083009749054,0.10768887861709571,0.06588676705230315,0.13122307608516393
F4,0.06678621816343337,0.06016185742713467,0.05364355251657045,0.06725563442067936,0.08288895596291014,0.04506624970944912,0.062165325189748113
F5,0.0603043506551353,0.05993243379380975,0.06688409404036923,0.07185484305977304,0.08739985643307872,0.06465150497577746,0.0700948882685896
