,Word_1,Word_2,Word_3,Word_4,Word_5,Word_6,Word_7
F1,0.4623135021706234,0.6065778176409637,0.7004153527676121,0.6828851428238156,0.9848748581021531,0.9098595308952747,0.5334278684496254
F2,0.3073046904142501,0.35032772621669506,0.4954508258709078,0.36148554367466457,0.2660843770837507,0.39262923698867347,0.4157281105271474
F3,0.16328884644915706,0.2086692427503499,0.18126479472950396,0.19361476200160738,0.13353577196482813,0.19159109877899932,0.17538039363818536
F4,0.10038667915229633,0.12258647259902236,0.10268929404916853,0.12662816264000037,0.08472134531894718,0.1132821533948454,0.11974406130818913
F5,0.08687995327600864,0.10500466811365783,0.0969275869910591,0.09261899204533312,0.07103640856668143,0.09401173364161207,0.09321042690961202
